cohort_feature,cohort_value,rows,actual_cancellation_rate,predicted_cancellation_rate,precision,recall,f1,false_positive_rate,false_negative_rate,true_negatives,false_positives,false_negatives,true_positives,stability_note
hotel,City Hotel,12267,0.44525963968370424,0.5790331784462379,0.6837955793326763,0.889234712559502,0.773099880620772,0.330051432770022,0.11076528744049799,4559,2246,605,4857,reviewed cohort size
hotel,Resort Hotel,5491,0.28173374613003094,0.2924786013476598,0.7316313823163139,0.7595345830639948,0.7453219156359023,0.10927991886409737,0.24046541693600518,3513,431,372,1175,reviewed cohort size
market_segment,Aviation,46,0.10869565217391304,0.021739130434782608,0.0,0.0,0.0,0.024390243902439025,1.0,40,1,5,0,small cohort — interpret cautiously
market_segment,Complementary,92,0.16304347826086957,0.08695652173913043,0.375,0.2,0.2608695652173913,0.06493506493506493,0.8,72,5,12,3,small cohort — interpret cautiously
market_segment,Corporate,726,0.20385674931129477,0.1652892561983471,0.8416666666666667,0.6824324324324325,0.753731343283582,0.0328719723183391,0.31756756756756754,559,19,47,101,reviewed cohort size
market_segment,Direct,1800,0.14222222222222222,0.07277777777777777,0.48091603053435117,0.24609375,0.32558139534883723,0.04404145077720207,0.75390625,1476,68,193,63,reviewed cohort size
market_segment,Groups,3439,0.5830183192788602,0.6123873218959,0.929724596391263,0.9765586034912718,0.9525662855752858,0.10320781032078104,0.02344139650872818,1286,148,47,1958,reviewed cohort size
market_segment,Offline TA/TO,2463,0.3613479496548924,0.37840032480714575,0.9109442060085837,0.9539325842696629,0.9319429198682766,0.052765416401780035,0.046067415730337076,1490,83,41,849,reviewed cohort size
market_segment,Online TA,9192,0.40143603133159267,0.5886640557006092,0.5651450748475328,0.8287262872628727,0.6720140643885287,0.4276626681206834,0.17127371273712738,3149,2353,632,3058,reviewed cohort size
deposit_type,No Deposit,15504,0.30675954592363264,0.4166021671826625,0.585539557206998,0.795206055508831,0.6744538564422649,0.2490695943431336,0.20479394449116906,8071,2677,974,3782,reviewed cohort size
deposit_type,Non Refund,2246,1.0,1.0,1.0,1.0,1.0,,0.0,0,0,0,2246,reviewed cohort size
deposit_type,Refundable,8,0.875,0.5,1.0,0.5714285714285714,0.7272727272727273,0.0,0.42857142857142855,1,0,3,4,small cohort — interpret cautiously
customer_type,Contract,265,0.06415094339622641,0.06037735849056604,0.8125,0.7647058823529411,0.7878787878787878,0.012096774193548387,0.23529411764705882,245,3,4,13,reviewed cohort size
customer_type,Group,79,0.05063291139240506,0.02531645569620253,1.0,0.5,0.6666666666666666,0.0,0.5,75,0,2,2,small cohort — interpret cautiously
customer_type,Transient,14383,0.442814433706459,0.5532920809288744,0.6894948479517466,0.8615167216203485,0.7659663572276122,0.3083354130272024,0.13848327837965144,5543,2471,882,5487,reviewed cohort size
customer_type,Transient-Party,3031,0.20422302870339823,0.2418343780930386,0.723055934515689,0.8562197092084006,0.7840236686390533,0.08416252072968491,0.14378029079159935,2209,203,89,530,reviewed cohort size
