rank,feature,importance
1,deposit_type_Non Refund,0.1813477703411557
2,lead_time,0.10724040273020818
3,country_PRT,0.10254498494136247
4,deposit_type_No Deposit,0.08002336535248299
5,total_of_special_requests,0.07529920688436255
6,market_segment_Online TA,0.05771124973809378
7,previous_cancellations,0.05442149367019479
8,adr,0.04174210897287511
9,required_car_parking_spaces,0.0391861500170176
10,arrival_date_year,0.03249666979134734
11,arrival_date_week_number,0.03212114175683827
12,arrival_date_day_of_month,0.021771178783060927
13,customer_type_Transient,0.018593998423144884
14,total_nights,0.014624650844372429
15,market_segment_Offline TA/TO,0.012160030247246717
16,stays_in_weekend_nights,0.009201313387125733
17,stays_in_week_nights,0.00907149217177001
18,previous_bookings_not_canceled,0.008070055211846103
19,customer_type_Transient-Party,0.006798293132519376
20,hotel_Resort Hotel,0.00649746162754221
21,distribution_channel_TA/TO,0.006414741423632432
22,hotel_City Hotel,0.0057402628205509955
23,total_guests,0.004091995580175717
24,market_segment_Groups,0.0037564422211111815
25,arrival_date_month_August,0.003602166586204614
26,adults,0.0035914302702085166
27,market_segment_Direct,0.003007008878670623
28,meal_BB,0.002752523595192178
29,distribution_channel_Direct,0.002739229354463058
30,country_DEU,0.0026395945176812285
31,country_ESP,0.0026244373218052047
32,country_GBR,0.0025801283260462266
33,country_ITA,0.0024945716277837145
34,meal_HB,0.0024224955956164427
35,country_FRA,0.0023261666880580027
36,meal_Undefined,0.0022456522708743875
37,market_segment_Corporate,0.002189212747067486
38,reserved_room_type_A,0.0021817679535963315
39,arrival_date_month_October,0.00212759101823193
40,arrival_date_month_July,0.0018374617452468912
41,country_AGO,0.001534447472538971
42,distribution_channel_Corporate,0.0014905872539693686
43,arrival_date_month_September,0.001471628725845409
44,reserved_room_type_D,0.0014536887343913857
45,meal_SC,0.001351560786136901
46,arrival_date_month_May,0.0013503583110331565
47,is_repeated_guest,0.0013270685494263564
48,arrival_date_month_November,0.001265284687199515
49,arrival_date_month_February,0.0011836026553153594
50,arrival_date_month_December,0.0011422903684603287
51,children,0.0010684477355253927
52,customer_type_Contract,0.0009218874829692649
53,arrival_date_month_January,0.0008503062075553866
54,arrival_date_month_March,0.0008262638120395358
55,country_IRL,0.0008021519159023685
56,arrival_date_month_June,0.0007943685399747994
57,arrival_date_month_April,0.00075783684000492
58,reserved_room_type_E,0.0007207316514107626
59,deposit_type_Refundable,0.0006880974983815384
60,meal_FB,0.0006313134482309855
61,country_CHN,0.0006082311560327339
62,reserved_room_type_B,0.0005733450078085057
63,country_BRA,0.0005269739498401261
64,country_CHE,0.0004972216201632266
65,country_NLD,0.00030781491319248604
66,country_BEL,0.0003016489934759663
67,distribution_channel_GDS,0.00029773556121279025
68,country_IRN,0.0002849884489722258
69,reserved_room_type_F,0.00022228255862170526
70,country_AUT,0.0002136694132252815
71,country_SVN,0.00019103385444839334
72,reserved_room_type_G,0.00018514346475130404
73,babies,0.0001736360060060257
74,market_segment_Aviation,0.00017066081100028965
75,market_segment_Complementary,0.00016426644988073582
76,country_RUS,0.0001308639601373681
77,reserved_room_type_C,0.00011332150008081817
78,country_ROU,0.00011076723993880413
79,country_POL,0.00011030222562722147
80,country_SWE,9.583629334320839e-05
81,country_FIN,8.978168265682011e-05
82,country_USA,8.639678653317604e-05
83,country_TUR,6.791852160205241e-05
84,country_Unknown,5.111323809359262e-05
85,country_LUX,4.963109680825912e-05
86,country_NGA,4.841598324927709e-05
87,country_SGP,4.7834146884567365e-05
88,country_CN,4.3252920934183444e-05
89,country_KOR,3.780320639075956e-05
90,country_SAU,3.469935144546337e-05
91,country_IDN,3.337225726694653e-05
92,country_ISR,3.308385632478362e-05
93,country_HUN,2.8990655975346692e-05
94,country_MAR,2.6360500668686338e-05
95,country_NOR,2.480310838662612e-05
96,reserved_room_type_H,2.2726349620488876e-05
97,country_DNK,2.230935301836949e-05
98,customer_type_Group,1.2944194824313197e-05
99,country_JPN,8.5521782331656e-06
100,country_AUS,7.965823683640265e-06
101,country_CZE,7.333923008082862e-06
102,country_IND,5.241342582469872e-06
103,country_EST,3.01195987674899e-06
104,country_THA,2.2418633125889437e-06
105,country_NZL,1.7375204699375311e-06
106,country_MEX,1.1001350732704563e-06
107,country_MOZ,7.032794614397998e-07
108,country_BOL,5.902403452154806e-07
109,country_LVA,3.297421759340582e-07
110,country_ARG,1.9011023846460923e-07
111,country_ARE,0.0
112,country_ARM,0.0
113,country_ASM,0.0
114,country_ATA,0.0
115,country_AZE,0.0
116,country_BDI,0.0
117,country_BEN,0.0
118,country_BFA,0.0
119,country_BGD,0.0
120,country_BGR,0.0
121,country_BHR,0.0
122,country_BIH,0.0
123,country_BLR,0.0
124,country_BRB,0.0
125,country_BWA,0.0
126,country_CAF,0.0
127,country_CHL,0.0
128,country_CIV,0.0
129,country_CMR,0.0
130,country_COL,0.0
131,country_COM,0.0
132,country_CPV,0.0
133,country_CRI,0.0
134,country_CUB,0.0
135,country_CYM,0.0
136,country_CYP,0.0
137,country_DMA,0.0
138,country_DOM,0.0
139,country_DZA,0.0
140,country_ECU,0.0
141,country_EGY,0.0
142,country_ETH,0.0
143,country_GAB,0.0
144,country_GEO,0.0
145,country_GGY,0.0
146,country_GHA,0.0
147,country_GIB,0.0
148,country_GLP,0.0
149,country_GNB,0.0
150,country_GRC,0.0
151,country_GTM,0.0
152,country_GUY,0.0
153,country_HKG,0.0
154,country_HND,0.0
155,country_HRV,0.0
156,country_IMN,0.0
157,country_IRQ,0.0
158,country_ISL,0.0
159,country_JAM,0.0
160,country_JEY,0.0
161,country_JOR,0.0
162,country_KAZ,0.0
163,country_KEN,0.0
164,country_KHM,0.0
165,country_KNA,0.0
166,country_KWT,0.0
167,country_LBN,0.0
168,country_LBY,0.0
169,country_LCA,0.0
170,country_LIE,0.0
171,country_LKA,0.0
172,country_LTU,0.0
173,country_MAC,0.0
174,country_MCO,0.0
175,country_MDG,0.0
176,country_MDV,0.0
177,country_MKD,0.0
178,country_MLI,0.0
179,country_MLT,0.0
180,country_MMR,0.0
181,country_MNE,0.0
182,country_MUS,0.0
183,country_MWI,0.0
184,country_MYS,0.0
185,country_NAM,0.0
186,country_NIC,0.0
187,country_OMN,0.0
188,country_PAK,0.0
189,country_PAN,0.0
190,country_PER,0.0
191,country_PHL,0.0
192,country_PLW,0.0
193,country_PRI,0.0
194,country_PRY,0.0
195,country_PYF,0.0
196,country_QAT,0.0
197,country_RWA,0.0
198,country_SEN,0.0
199,country_SLV,0.0
200,country_SMR,0.0
201,country_SRB,0.0
202,country_STP,0.0
203,country_SUR,0.0
204,country_SVK,0.0
205,country_SYC,0.0
206,country_SYR,0.0
207,country_TGO,0.0
208,country_TJK,0.0
209,country_TMP,0.0
210,country_TUN,0.0
211,country_TWN,0.0
212,country_TZA,0.0
213,country_UGA,0.0
214,country_UKR,0.0
215,country_URY,0.0
216,country_UZB,0.0
217,country_VEN,0.0
218,country_VGB,0.0
219,country_VNM,0.0
220,country_ZAF,0.0
221,country_ZMB,0.0
222,country_ZWE,0.0
223,market_segment_Undefined,0.0
224,distribution_channel_Undefined,0.0
225,reserved_room_type_L,0.0
226,agent_0,0.0
227,agent_1,0.0
228,agent_10,0.0
229,agent_103,0.0
230,agent_104,0.0
231,agent_105,0.0
232,agent_106,0.0
233,agent_107,0.0
234,agent_11,0.0
235,agent_110,0.0
236,agent_111,0.0
237,agent_112,0.0
238,agent_114,0.0
239,agent_115,0.0
240,agent_117,0.0
241,agent_118,0.0
242,agent_119,0.0
243,agent_12,0.0
244,agent_121,0.0
245,agent_122,0.0
246,agent_126,0.0
247,agent_127,0.0
248,agent_128,0.0
249,agent_129,0.0
250,agent_13,0.0
251,agent_132,0.0
252,agent_133,0.0
253,agent_134,0.0
254,agent_135,0.0
255,agent_138,0.0
256,agent_139,0.0
257,agent_14,0.0
258,agent_141,0.0
259,agent_142,0.0
260,agent_143,0.0
261,agent_144,0.0
262,agent_146,0.0
263,agent_147,0.0
264,agent_148,0.0
265,agent_149,0.0
266,agent_15,0.0
267,agent_150,0.0
268,agent_151,0.0
269,agent_152,0.0
270,agent_153,0.0
271,agent_154,0.0
272,agent_155,0.0
273,agent_156,0.0
274,agent_157,0.0
275,agent_158,0.0
276,agent_159,0.0
277,agent_16,0.0
278,agent_162,0.0
279,agent_163,0.0
280,agent_165,0.0
281,agent_167,0.0
282,agent_168,0.0
283,agent_17,0.0
284,agent_170,0.0
285,agent_171,0.0
286,agent_173,0.0
287,agent_174,0.0
288,agent_175,0.0
289,agent_177,0.0
290,agent_179,0.0
291,agent_180,0.0
292,agent_181,0.0
293,agent_182,0.0
294,agent_183,0.0
295,agent_184,0.0
296,agent_185,0.0
297,agent_187,0.0
298,agent_19,0.0
299,agent_191,0.0
300,agent_192,0.0
301,agent_193,0.0
302,agent_195,0.0
303,agent_196,0.0
304,agent_197,0.0
305,agent_2,0.0
306,agent_20,0.0
307,agent_201,0.0
308,agent_205,0.0
309,agent_208,0.0
310,agent_21,0.0
311,agent_210,0.0
312,agent_211,0.0
313,agent_213,0.0
314,agent_214,0.0
315,agent_215,0.0
316,agent_216,0.0
317,agent_219,0.0
318,agent_22,0.0
319,agent_220,0.0
320,agent_223,0.0
321,agent_227,0.0
322,agent_23,0.0
323,agent_232,0.0
324,agent_234,0.0
325,agent_235,0.0
326,agent_236,0.0
327,agent_24,0.0
328,agent_240,0.0
329,agent_241,0.0
330,agent_242,0.0
331,agent_243,0.0
332,agent_244,0.0
333,agent_245,0.0
334,agent_247,0.0
335,agent_248,0.0
336,agent_249,0.0
337,agent_25,0.0
338,agent_250,0.0
339,agent_251,0.0
340,agent_252,0.0
341,agent_253,0.0
342,agent_254,0.0
343,agent_256,0.0
344,agent_257,0.0
345,agent_258,0.0
346,agent_26,0.0
347,agent_261,0.0
348,agent_262,0.0
349,agent_265,0.0
350,agent_267,0.0
351,agent_269,0.0
352,agent_27,0.0
353,agent_270,0.0
354,agent_273,0.0
355,agent_275,0.0
356,agent_278,0.0
357,agent_28,0.0
358,agent_280,0.0
359,agent_281,0.0
360,agent_282,0.0
361,agent_283,0.0
362,agent_285,0.0
363,agent_287,0.0
364,agent_288,0.0
365,agent_289,0.0
366,agent_29,0.0
367,agent_290,0.0
368,agent_291,0.0
369,agent_294,0.0
370,agent_295,0.0
371,agent_298,0.0
372,agent_299,0.0
373,agent_3,0.0
374,agent_30,0.0
375,agent_300,0.0
376,agent_301,0.0
377,agent_303,0.0
378,agent_304,0.0
379,agent_305,0.0
380,agent_306,0.0
381,agent_307,0.0
382,agent_308,0.0
383,agent_31,0.0
384,agent_310,0.0
385,agent_313,0.0
386,agent_314,0.0
387,agent_315,0.0
388,agent_32,0.0
389,agent_321,0.0
390,agent_324,0.0
391,agent_325,0.0
392,agent_326,0.0
393,agent_327,0.0
394,agent_328,0.0
395,agent_33,0.0
396,agent_330,0.0
397,agent_331,0.0
398,agent_332,0.0
399,agent_333,0.0
400,agent_334,0.0
401,agent_335,0.0
402,agent_336,0.0
403,agent_339,0.0
404,agent_34,0.0
405,agent_341,0.0
406,agent_344,0.0
407,agent_346,0.0
408,agent_348,0.0
409,agent_35,0.0
410,agent_350,0.0
411,agent_352,0.0
412,agent_355,0.0
413,agent_358,0.0
414,agent_359,0.0
415,agent_36,0.0
416,agent_360,0.0
417,agent_363,0.0
418,agent_364,0.0
419,agent_367,0.0
420,agent_368,0.0
421,agent_37,0.0
422,agent_370,0.0
423,agent_371,0.0
424,agent_375,0.0
425,agent_378,0.0
426,agent_38,0.0
427,agent_384,0.0
428,agent_385,0.0
429,agent_387,0.0
430,agent_39,0.0
431,agent_391,0.0
432,agent_393,0.0
433,agent_397,0.0
434,agent_4,0.0
435,agent_40,0.0
436,agent_404,0.0
437,agent_405,0.0
438,agent_406,0.0
439,agent_41,0.0
440,agent_411,0.0
441,agent_414,0.0
442,agent_416,0.0
443,agent_418,0.0
444,agent_42,0.0
445,agent_420,0.0
446,agent_426,0.0
447,agent_427,0.0
448,agent_429,0.0
449,agent_430,0.0
450,agent_431,0.0
451,agent_432,0.0
452,agent_433,0.0
453,agent_434,0.0
454,agent_436,0.0
455,agent_438,0.0
456,agent_44,0.0
457,agent_441,0.0
458,agent_446,0.0
459,agent_45,0.0
460,agent_450,0.0
461,agent_451,0.0
462,agent_454,0.0
463,agent_455,0.0
464,agent_464,0.0
465,agent_467,0.0
466,agent_468,0.0
467,agent_469,0.0
468,agent_47,0.0
469,agent_481,0.0
470,agent_5,0.0
471,agent_50,0.0
472,agent_510,0.0
473,agent_52,0.0
474,agent_53,0.0
475,agent_54,0.0
476,agent_55,0.0
477,agent_56,0.0
478,agent_57,0.0
479,agent_58,0.0
480,agent_59,0.0
481,agent_6,0.0
482,agent_60,0.0
483,agent_61,0.0
484,agent_63,0.0
485,agent_64,0.0
486,agent_66,0.0
487,agent_67,0.0
488,agent_68,0.0
489,agent_69,0.0
490,agent_7,0.0
491,agent_88,0.0
492,agent_71,0.0
493,agent_72,0.0
494,agent_73,0.0
495,agent_74,0.0
496,agent_75,0.0
497,agent_77,0.0
498,agent_78,0.0
499,agent_79,0.0
500,agent_8,0.0
501,agent_81,0.0
502,agent_82,0.0
503,agent_83,0.0
504,agent_85,0.0
505,agent_86,0.0
506,country_ABW,0.0
507,agent_70,0.0
508,agent_89,0.0
509,agent_9,0.0
510,agent_90,0.0
511,agent_91,0.0
512,agent_92,0.0
513,agent_93,0.0
514,agent_94,0.0
515,agent_95,0.0
516,agent_96,0.0
517,agent_98,0.0
518,agent_99,0.0
519,country_AIA,0.0
520,country_ALB,0.0
521,country_AND,0.0
522,agent_87,0.0
