source_feature,preprocessing_role
hotel,categorical
lead_time,numeric
arrival_date_year,numeric
arrival_date_month,categorical
arrival_date_week_number,numeric
arrival_date_day_of_month,numeric
stays_in_weekend_nights,numeric
stays_in_week_nights,numeric
adults,numeric
children,numeric
babies,numeric
meal,categorical
country,categorical
market_segment,categorical
distribution_channel,categorical
is_repeated_guest,numeric
previous_cancellations,numeric
previous_bookings_not_canceled,numeric
reserved_room_type,categorical
deposit_type,categorical
agent,categorical
customer_type,categorical
adr,numeric
required_car_parking_spaces,numeric
total_of_special_requests,numeric
total_guests,numeric
total_nights,numeric
