source_feature,mean_abs_shap,transformed_columns,importance_share
deposit_type,0.14532018717663012,3,0.18482818974128412
country,0.1160252527821359,164,0.14756888119014022
market_segment,0.10852479288510396,8,0.13802928141443574
total_of_special_requests,0.09690321901005253,1,0.12324816598234808
lead_time,0.07152449184119057,1,0.0909697586138153
arrival_date_year,0.04857834190292166,1,0.061785269954524887
required_car_parking_spaces,0.029669917129795154,1,0.03773623733506893
customer_type,0.027945692126806435,4,0.03554324961463806
adr,0.021240749862698804,1,0.027015443773811744
arrival_date_week_number,0.02080982757308896,1,0.026467367224674427
previous_cancellations,0.020265130240376825,1,0.02577458376548631
hotel,0.015431631704012067,2,0.019627008525250778
arrival_date_month,0.012047654899554384,12,0.015323034527927215
distribution_channel,0.010185296572428277,5,0.012954359363519774
meal,0.006962363887465922,5,0.008855212332449854
total_nights,0.006702546123225486,1,0.008524758264366253
previous_bookings_not_canceled,0.00541741090843452,1,0.006890235078445192
arrival_date_day_of_month,0.005368574070639692,1,0.006828121035670559
stays_in_week_nights,0.004191368441080837,1,0.005330870105212065
stays_in_weekend_nights,0.0038932947152275858,1,0.004951759479019891
reserved_room_type,0.003417349599267295,9,0.0043464198086805945
adults,0.0023275035193196856,1,0.0029602787503256586
total_guests,0.001978658910039587,1,0.0025165942293590145
is_repeated_guest,0.001087147234329001,1,0.0013827084812314816
children,0.0004122624628673848,1,0.0005243437005585963
babies,1.4048390773249298e-05,1,1.7867707755164473e-05
agent,0.0,293,0.0
