threshold,precision,recall,f1,predicted_cancellation_rate,true_negatives,false_positives,false_negatives,true_positives,cost_index
0.3,0.5958770215034654,0.9567698673134541,0.7343809888846301,0.6337425385741637,6201,4548,303,6706,5154
0.35,0.6159325210871602,0.9376515908118134,0.7434809661179931,0.6008559522468746,6651,4098,437,6572,4972
0.39999999999999997,0.6476393976393976,0.9081181338279355,0.7560729346083032,0.5534407027818448,7286,3463,644,6365,4751
0.44999999999999996,0.6926168331610977,0.8606077899843059,0.7675276752767528,0.4904268498704809,8072,2677,977,6032,4631
0.49999999999999994,0.7481781376518218,0.7909830218290769,0.7689853665302726,0.4172767203513909,8883,1866,1465,5544,4796
0.5499999999999999,0.780921459492888,0.7206448851476673,0.7495733471840914,0.364230206104291,9332,1417,1958,5051,5333
0.5999999999999999,0.8079076870863736,0.679269510629191,0.7380251123856766,0.3318504336073882,9617,1132,2248,4761,5628
0.6499999999999999,0.8187713925418844,0.648451990298188,0.7237261146496815,0.31259150805270863,9743,1006,2464,4545,5934
0.7,0.8265267175572519,0.6179198173776573,0.7071597681443383,0.29507827458047076,9840,909,2678,4331,6265
